MO,K,COST,PEG,RL,T,NVDA,SHW,WELL,META
0.00022823745508460114,-0.015209184909612428,-0.0009407562865816343,0.01056748767149207,-0.00012224088580481407,0.0017760579592775994,-0.03889971031247319,0.012449625495304595,-0.009655875043183215,0.020968524926423537
0.0036513425376887287,0.07546507691845838,0.014150965835167284,0.003008167198166989,0.007945302172817748,-0.005910211188257186,0.03342933140601945,0.003692082589354051,0.01822808904901585,0.005669475868306018
-0.008867697831402399,-0.01256524378427426,0.01564634232248685,0.006141176515521041,0.010429242497752789,0.0017839269754407194,0.03463183058827557,0.02246604431157695,-0.0028101474977026974,0.02327472616327353
-0.002294083050500384,-0.007767328468301193,0.01687041580923565,0.01263298028229265,0.0001200401995087308,0.00830838135257217,0.037741076123122275,0.011853626231450587,0.010124168509338949,0.030356682874544516
0.008277669717079883,0.026648946548260888,0.019644478053724157,0.008971199087102866,0.0003600773747660657,0.005297167969372962,-0.017212945972196025,0.011936813077880082,0.007026332363723631,0.0054973922542163045
0.010034322921438799,0.011194092454736904,-0.010242327024119868,0.008057788791521858,-0.009357060742813172,0.0017565361060989382,-0.0015680316731443433,0.0007843557645021981,0.009644992827874344,0.00931151806329833
0.00948282839308745,-0.01171202891346812,0.02047386661576933,0.014332908334990124,0.017437588002655602,0.004091123887948189,-0.01841568066554855,0.00454544663571399,0.00772354136458242,0.00596686893238485
0.004249772827859211,0.004220874538955366,0.010461690488661413,0.005570696939317443,-0.0052963618760130116,-0.0005820649698046187,0.012744115153676017,0.001279473113068308,0.0028412229126235644,0.0016407747074849155
0.003118029531016475,0.010184308309556078,-0.015294931027498015,-0.007026102600312667,-0.009213223617995592,0.005241752578946324,0.005796739641764637,-0.015551948710392671,0.006576933373226401,-0.01719869117699646
0.010213030894343111,0.0011201535707199284,0.003547759691656438,0.0034018767528467553,0.004226788128850911,0.0023174682717177486,0.010586425230264096,-0.005761883543093593,-0.006634553416262734,0.008204838099244549
0.00769232791648311,-0.01166878240071334,0.011749462264420973,0.009628212092874788,0.004028673248287484,0.0017340825225617973,0.03583758810674542,0.007387365482957264,0.022060404207660422,0.020536333445610122
0.002181095035123093,0.005013696178559179,0.0076616686688435465,-0.0030890325767797266,-0.005329983014074502,-0.0017310806857993022,-0.002863637019833498,-0.0051798001247136405,-0.000495166750311915,-0.017257240272694818
0.0028291718816852995,-0.009333739090298221,0.003454908687941627,0.004311382652139928,0.010777306774051088,0.005780391075106861,-0.019923955172212793,-0.005158855090642289,0.003368062024634355,-0.002789241856297253
-0.0039062496503164956,0.008447105876142391,-0.003530975556694127,-0.0030857244277038287,-0.005599200544374683,0.006896581153996717,0.02488144139534576,-0.009538940067428947,-0.004442743044664077,-0.006505535673257068
0.009368140951423465,0.002738402612833424,0.009999935013110361,0.01130411201800574,0.006349489139073183,-0.014269457322608314,0.006393710115304652,0.0017450170852169045,0.002578458994561439,-0.00897961972827388
-0.0002158230720918919,-0.00979922476418682,0.0011611696415303463,-0.010911388560332469,-0.02261894268146747,0.013317959112909117,-0.004571011784217149,-0.008839730742008056,0.00761619347803788,0.006779587274727161
-0.014680472825803315,-0.005029214226025758,-0.006883880527607356,-0.010493780587415902,0.03270397558836491,-0.0017143789607744209,0.0931966594532665,-0.013443153540435682,-0.018749442853859266,-0.004275462712421851
-0.003286560351535295,-0.004728537853436521,0.016814243559731157,0.020258258982113198,0.022881382978674702,0.001717323103371804,0.025722693910412486,0.005773812025536618,0.009103743125679298,0.026707805946156293
-0.0002198083604798562,-0.025229360605513396,0.004248401148110759,-0.006663112671160931,0.04496972840630642,-0.013142922212262098,0.06980427469339667,-0.01020196196467782,-0.0003965976381571368,0.003554905855263746
-0.007255905564659826,0.0016806999261658184,-0.00817778241856748,-0.017976932671947332,0.01197245414135395,-0.008685473941370314,0.008112325601013604,-0.01425127667474424,-0.0018844511480078374,-0.01158540153886145
0.0064228100204972716,-0.004362448188505286,0.010935826613257538,0.009699562735816292,0.011012872106929139,0.029205592824196547,-0.03766600258763486,0.015532997896112066,0.015004019499890164,-0.015410147922879092
0.01782579626377534,0.016851985158616634,-0.0066843644232954524,0.02503040672162804,0.007765419037447652,0.03405201456557272,-0.00784614749199164,0.005793794695624355,0.014880114656145249,-0.00047099205077949513
0.006486516087901295,0.0018401659140561133,0.006791083635722339,-0.016103549261335393,-0.008561730079682972,-0.0115257637894699,0.048954215133682366,-0.005826152094129178,0.0037618822651999118,0.022834851438013004
0.0060150176056104065,0.009851396427605241,0.014716904045593004,-0.0026831652274955653,-0.02234445079579206,0.018878501673743386,0.012495613315558263,0.012614752735565116,0.004132223370830523,-0.001047177847682268
-0.003416740416077979,-0.011243457516653566,0.008351480235546882,0.006995019488566845,0.018052323471119402,-0.002724871031775322,0.05155586271555901,0.007814511344542918,0.004976704210460037,0.03788342726075156
0.00042867835193760584,0.004849593607690883,0.009996424700831508,-0.005610476307353007,-0.013177276918655223,-0.0010928826320157903,-0.011777150969533356,-0.013528877340967305,-0.003428360130094843,-0.0026259714915912724
0.0002141589833597468,-0.0076552150824534815,0.0034890928897264306,-0.01300126773085053,-0.0011539192053755531,-0.009846704980998489,-0.0009091573667889818,-0.03982761145342739,-0.008026679505745093,-0.0016202132944832526
-0.004496817363797478,-0.009055873035369033,0.003264013702951596,0.007683992091730429,0.03603453813582269,-0.013259724128464767,0.0074614451281571625,0.003973107067109627,-0.002697259444081057,0.01955538125276579
-0.0019358114831765638,0.0104924293719455,0.001143356264822204,0.003131770971386505,-0.010673294843532632,0.0,-0.007143933628336763,0.009859867583316806,-0.000676157372697328,0.009689607146761814
-0.011422432646372882,-0.01591018999084237,-0.0017661691704010662,-0.008551672017727774,-0.0001074499700122189,-0.01399769813732954,0.0354808491687586,0.011114963073997952,-0.005702638895772827,0.002699607576718277
-0.0026162086952518093,-0.0005105751239922185,-0.002181984592162567,0.002327375957313249,5.3855616837239495e-05,0.003406998357753155,0.035223758182210796,0.0038757705482972415,0.009720964321718206,-0.009315260485995736
-0.010051289282952625,-0.020602655073302056,0.01147805795929746,-0.007785767297241009,-0.03553421978067728,-0.0016977718518990104,0.017513953379103997,-0.011516058259381179,0.0016366143733188565,0.0011120220323999064
0.008574104506655633,0.010431028766654915,0.014304532211080856,0.0059196504706000574,0.018087682471885413,0.0017006591831898454,-0.0068242855545774805,0.019731374241226618,-0.0024027433083316785,0.004899248382965293
0.002237057068886328,0.011699939203858811,0.0032722128191629007,0.003010850186659253,-0.005685127500641873,0.02150533726591619,0.03511982522063284,-0.008783302763646694,0.0014451182331636225,-0.014093212602126926
0.014062488596173983,-0.018367273652911797,-0.009543516104115413,0.003956818104638549,0.01478918663437745,0.0033241698803236908,-0.035403529951317014,0.003864150890792395,-0.008755148127418733,0.004424593356058937
0.006823692026473482,-0.004158062250928629,-0.0163836678063638,-0.007746509638390187,-0.010672980642641883,0.016013275231111512,-0.03219145852701322,-0.00029855659526223377,-0.006891137757122245,-0.013793124058585904
0.01552256909603078,0.013569890534571583,-0.00017689742740800707,0.023832275460440755,0.007392908714420443,0.013586896654470992,-0.0668404911581939,-0.002356788941200727,0.006352603045471028,0.008347094364163476
-0.0006459545240367071,-0.0032611938791462514,0.008665818527547886,-0.015786069393658453,-0.009349891674743316,0.0021448531809098448,0.06756414751885997,-0.019530827293669062,-0.019811558232305737,0.02343117286928198
-0.0012924832226320904,-0.011882226847989341,0.0015547260336794544,-0.006252474933575836,-0.013169537350802063,0.003745379076020239,0.0024585427309034014,0.00739771135393319,0.008917024595099354,0.004935256186568759
-0.019413296256778345,0.005228342017363108,-0.00725928110025742,0.00013691776866076033,-0.022075159875047157,-0.0005331493411850907,-0.019066475289097773,0.00047160697953452235,0.014926875237656345,0.012550693428376114
0.0019797988767287222,0.0,-0.0007406486348162655,0.007932034062355209,8.5701959444906e-05,0.019199975682956172,-0.0036292717969877986,0.004814857713314025,0.008708227399345958,-0.029524908862831878
0.01053779823300971,-0.016643513527971,-0.005082425662803036,-0.000949904877184049,-0.017079765552933446,-0.006802636792289873,0.006151904622035964,-0.00884616784458514,-0.0023980525368098027,0.0009122150769149684
0.00043453648637559183,-0.0003526256807653283,0.01618832880278065,-0.0006790123718427576,-0.019352627000717715,-0.008430032527470321,-0.013113513335636817,-0.003854223371026033,0.018942320512826294,0.009550673042795665
-0.0021714757567337095,-0.0005291938128709761,0.003840060059969952,0.005572151246953094,-0.00604484687528184,-0.007438802779490383,0.045732532734792164,0.008722290215997353,-0.005850717843044584,0.0009028217729647459
0.0032643019877296453,-0.005117240476617324,0.026673333749611228,0.0010812602851009157,0.0056641077019699,0.004818034540993166,-0.01909882905028948,-0.005113998404690068,0.010726165607045202,0.058730025392771834
-0.0017353315535779679,-0.003370076742283068,-0.005453451359947792,0.007020390088851247,0.04980145173520767,0.0021309266296654084,0.018834746915271205,0.015387039100053013,-0.019346305362775484,-0.019614208337290995
0.01477622254084432,0.0032034966750331684,0.006822937663312434,0.013272622426056202,0.013666978243217276,-0.0005316255312121099,0.024805217935426782,-0.004462782374899499,0.0039263821236936725,0.0012845924289166533
0.004925086442709503,0.009224709591004077,-0.002864048426983623,0.009393970644267613,-0.0028413617452310858,0.011769872320657404,0.026868613716149348,0.021611633755348914,-0.002670940924342169,0.008849094635708266
0.0031962223694794734,-0.0008788614710527609,-0.04265467814614543,0.003145884527292031,0.027712540694071475,0.006403494760412576,-0.05566683907882142,0.028162708691960026,0.0009564089634499506,-0.04112669011815595
0.01380622650758112,-0.005277944366576026,-0.004358662895043275,-0.0032667161657644606,-0.012830297663308676,-0.002651189895748196,0.014442756991571715,0.01401400538125741,-0.004300025467477098,-0.026974928601938397
-0.00020948750914873138,-0.003891024577445057,0.0069166404639624535,-0.022810627919512272,-0.057935830452413684,-0.012227471543248214,-0.006190047788170339,0.00031410273943022204,0.010940432073134998,-0.005432194842859062
0.006496319412141238,0.012961626786467395,0.0024035590977289356,0.0,0.012451737652043438,0.014531641577173904,-0.016194296863952462,0.024900236063458925,0.00569593584964001,-0.01283854280050789
0.028315538524714245,0.033304095074758955,-0.005277516151463768,0.008183487471520756,-0.020035840316764975,0.016445679875528363,-0.06623941353933993,-0.00183815748727012,0.008023400096207611,-0.05675905490973665
-0.001214761456255653,-0.002035585809504581,-0.008165209936339624,-0.016234227019213066,-0.011489358993362453,-0.0005219357480377163,0.026273408818646926,-0.0010434998431303466,-0.007866048516941948,0.030000653047686177
0.00243247779277711,-0.014788397558830657,-0.0014772500855534387,0.009603840903161798,-0.014663118639415051,-0.0015665216776329371,-0.02609626397746312,-0.011091901313343255,0.013780163409786494,0.0019754490286760795
-0.0010110049748627281,-0.006038658951375453,0.011084091540104035,0.015809123551706605,0.017542919466702722,-0.02981185171535594,0.04757061048647082,0.0015534366331888538,0.011358371613677365,0.022252938335356243
-0.005668093012127673,-0.01735809248164022,0.00553453868660414,-0.003033567223973188,-0.007134013422060104,-0.018328839419000764,-0.00768983444877569,0.06871397040343408,0.008837253714955251,0.002646703752369195
0.006107522272581045,0.010952155623052073,-0.02498509449202868,0.004762577138226032,-0.018561740286638373,0.05216923871848089,-0.0680316433660354,-0.036226381390031426,-0.00036482768566392654,-0.056109158652207114
0.007689200046133493,0.0008736401448061759,-0.017897984949054258,-0.02251485783587892,-0.016899454951971093,0.0015657040539693856,-0.017242874125843133,0.032287313515135585,-0.009675937083820751,-0.017039904986484777
0.012650592008863093,0.0033170571661349513,0.0034487083302694455,0.023841719667474504,0.04319216450253771,-0.009379847828477006,0.00694692050057566,0.01890653627019856,0.011890472265713825,0.027105756884196364
0.0019828764387501696,-0.005916065929024272,-0.0024950491280703035,0.012235219971495459,0.03230218830101528,-0.005786387491185652,-0.013001988680793164,0.009535355187178851,0.017034076233114037,2.1288217030956957e-05
0.000395918302785514,0.007351517679558883,-0.006780555561606727,0.013776932559034671,-0.002304982358649066,0.00423271722411056,-0.07043634836747203,-0.0020137421120142163,0.005284325937948697,-0.005410968494043766
-0.030464940040837885,0.01042579545988409,0.014777191401101675,0.022692324812237707,0.014208890815234687,0.014225599975666414,0.1281209562539556,-0.002956002343743158,-0.008820422031108999,0.025130046554103114
0.020608034453303503,0.06706789280638903,-0.006216605523657215,-0.0002508751778133034,-0.0170282122359231,0.011428490436219185,-0.06674059695720647,-0.0011971862920634457,0.010247268458261072,0.04824879595176368
0.020991586660192185,0.014987855905778114,0.006353363271746515,-0.011535816697961332,-0.04750879308935696,-0.005136052380463552,-0.01776400795843891,-0.008933148916551392,0.003292070519047563,-0.019287082629804164
-0.03367930526542762,0.1622737395409959,-0.024632536726951426,-0.01940887561502047,-0.027980513922710393,-0.02374813757959915,-0.06357790335079638,-0.023498949007782155,-0.015253605440937346,-0.02542309294363998
0.00263426661870092,0.002049222424828745,0.018769476486409475,0.014488940135608752,0.03222786230497254,0.01480699104941352,0.03782970032982025,0.014833678271644946,0.03530255922653458,0.03859333079015581
0.011115617152074986,-0.005316954950773001,-0.00805504655547673,0.007013506975352302,-0.03370725750990644,0.003126718971656617,-0.05122287804423853,-0.012815232747366734,-0.0012177919876448229,-0.010463657921705338
0.008394956538998688,0.019051512385597436,0.0359496470411762,0.004938512623063884,0.013990779005010223,0.0077922272666535175,0.061267768308616244,0.008831140176280394,0.00792540094289107,0.04235867268523674
-0.0003963860854881984,0.007128411059757811,0.018464877905414845,0.006300350080621131,0.003341262892138097,0.004639105231559304,-0.002095856138585317,0.00854948793663346,0.014430209062942012,0.01597238032933035
-0.002379419708472663,-0.011885664292260012,0.010106081248220988,0.008139419692289929,-0.01930192110273954,-0.003078489356148628,0.04076368407789688,-0.006943701977735417,-0.0009423993056812963,-0.0035150751693033833
0.01590132771296293,0.00689288055453896,0.001447574395959661,-0.004719908945150508,0.021190846990438716,0.004631942699042879,0.06530914154244427,0.017014395347963784,0.004716175920805643,0.024401607361248523
0.001565148548132722,0.07758373022343146,-0.002439786520627485,0.004742292132205783,-0.023829899983150105,0.0056352065698834775,0.016704042216838744,0.008794535037461415,0.00290176415030996,-0.0033678411521080864
-0.008790705321682024,0.0,0.016969657202499766,-0.001366307282982815,0.0362075711616352,-0.02750880640769271,0.040480977103009685,0.012267520529457343,-0.00995665280798741,0.020066213555620438
0.011430768993325069,0.00012461835628396756,-0.007704949764414604,0.0024875409463174236,-0.0060265946602101605,0.013095929415149588,0.013999718501239045,-0.0038088339293681495,-0.003610121027904256,-0.01844316696705417
0.0,-0.00037351735734869607,0.002021592078353951,0.0034738577370700963,0.02284413422152931,0.007755863130744611,0.04350604446807016,0.004514581735955092,-0.003278061337718463,0.00352664558615845
0.0023383128405845,0.0004983063118897402,0.00441334587139397,-0.006552853008789827,-0.0016166680004902068,0.0,-0.021153719718511543,-0.0018539396108908646,0.007702961277334941,-0.004817903838945203
0.007192873859938054,0.0036114793422798996,0.005957564570872709,0.00945861586105301,0.020391024117306866,0.0025653908896314803,0.009823264478746818,0.007401446482556473,-0.0008588375204875431,0.016004321077230044
0.00038605893277265935,0.000620404851629841,-0.004379260988761069,0.0,-0.006524052499754407,-0.0015352554263129425,-0.03704297577162574,-0.00016753444878847557,0.01280830396471666,-0.006035542691115614
0.011769202018445224,0.00037199278855748474,0.0018802245378901628,-0.0008630278097533362,0.03283447634625691,0.011276188901093498,0.04549865765040595,0.0022909648967242013,0.01315565421655962,-0.007388216680832782
0.005148682188766518,0.0001240158775093203,0.01512714609687249,0.0,-0.019704543242396677,0.0015205711511356856,-0.022493591840688,0.005463765658313635,-0.0010891071525102047,-0.013030222424667004
0.005691548098172516,0.0013634260526786957,0.018364018511323632,-0.005552910685824641,0.007654607901888655,-0.005566762477763665,0.014550172675244388,-0.001968434721925094,0.008554234840359776,-0.003876369541357949
0.003961589698282975,-0.002104173869686421,-0.022939874145940564,-0.0008685965089429981,-0.017280360109380277,0.008651347467264925,-0.020966553488271478,0.004778055679720561,0.006735457880661322,-0.004469118706861619
0.002630511874659014,-0.001116448410602544,-0.001598970168837699,-0.0013660409279350194,0.007080881846692089,-0.0030272330270155745,-0.06384845155176522,-0.003013556931062089,-0.004295066032590111,0.0027864211174011277
0.007683673723354989,0.0009934647858433898,0.006485170879029001,0.004228313398964234,0.003457084146797351,0.007085025002704137,0.015137362621316486,0.024292199212553545,0.0010783822546107658,0.005962645018560364
0.005579347009423863,0.0014992538527420773,-0.015475422720097387,-0.006315765064399681,0.015298305971886972,0.02663314101587777,-0.09525009573455412,-0.015215139053381677,0.011435194813954164,-0.018319147422576565
0.01183647705304236,0.00037417997931532554,0.013032501097041793,0.009346928488529471,-0.008799103295997868,0.006852769158038674,-0.016574069154047577,-0.002886574091661709,0.019826432822349638,0.0019149192761702682
-0.008042356806021389,0.0,-0.0045392482352377694,-0.0011112100137795622,0.00609213777431683,0.003889078879808272,0.009415330534935817,-0.007223653003889385,-0.0038561252566944315,0.008035321806140416
-0.010687401393652651,-0.0012470573411939023,-0.010496763505986273,-0.011866478298234173,-0.0031717713330438047,0.015496241646774322,-0.040854403806398265,0.0020828045945016083,0.004838628461882433,-0.032097670436455616
0.008195295881217701,0.0009989108674179903,0.022596523309696526,0.013612242908132899,0.0048597194209838435,0.025274369484301618,0.035398264896143505,0.008508277860937774,0.021910190362809834,0.009035089130363216
-0.0009236694510237342,-0.002120507022551066,-0.0024540527131697853,0.002860054067857165,-0.005699922106573774,0.00976735606037904,0.015309424634731839,0.021846661066300177,0.013272616063081166,0.0
-0.016826982826899428,-0.0009999379148799559,0.006832365195143186,0.019218791510960287,0.012738867164529655,-0.01197603045370943,0.08149869767105633,-0.0006722928075074686,-0.00279032614972774,0.01394636834691565
-0.009968083940928407,0.004254280271767552,0.01624829924729032,0.013503667994368085,0.0026301075974768384,0.006526811081771333,0.01916160683787238,0.006377732525939983,0.001321310919397245,0.026903487083430155
0.0060790884235366605,0.005232956599272143,0.0010599912037869696,0.010202920728966447,0.018704385946151758,0.002315770850041865,-0.00033580116984088804,0.0038238368040843795,0.007141230462331505,-0.001864437802084784
-0.004620679289094487,0.0,-0.008875517036237457,0.007247948972319396,0.015673942190982393,0.029112869082083215,-0.0194794224022391,0.009749599833520195,-0.004393130039559212,0.017476890127714473
-0.0232109516938922,-0.0004957550137900668,-0.011675607830435086,-0.00047171758914676953,0.015266868436319081,-0.022002620775863346,-0.01019006313657278,-0.0027963966591326717,-0.01331468791484125,0.00570045737107594
0.00257440039887169,0.00012404819632205744,-0.0052938404397409045,-0.0057830954013794456,-0.00325718571144773,-0.00229575038357821,-0.019205811921238047,-0.007116407942723613,0.0016475814630756425,0.0030393813168447803
-0.00790049495578915,0.0,0.009209842795546264,-0.009496648752595038,0.006263228065273463,-0.017027098143560404,0.039693033202259365,0.011830242576878591,-0.01785856917883566,0.039315855427339175
0.0031853481708110643,0.0019838534797438356,0.006927630659854911,0.039788972604729356,0.0029768378690933073,0.008426931971413865,-0.015864922644057478,-0.0032389741051885856,-0.0009570351089348561,0.004024264782428677
0.012502478748755985,-0.002351191564622823,0.011135883486811826,0.013139694354393994,0.0031837982837621404,-0.002321238094005529,0.002241429462858102,0.00885027114314152,0.026502718335211783,0.005451133285709009
0.0033319547183163767,0.0006201069535753945,-0.016945128523554787,-0.0020477581783030496,0.025336250737342025,0.004653277553129387,0.03965245425630637,-0.0008117013659483252,-0.007698846659172087,-0.0019134221952424868
-0.00293017856549016,-0.000991728879488285,0.007631401837048912,0.005927953381444029,-0.006820171675939735,-0.0013894808252012947,0.021841685077717887,-0.0009960151346658508,0.011598879403984963,0.008840170076654275
0.000979570726340473,0.0006205298618475741,-0.007683666082684559,-0.009292916599460854,0.04384342313596412,0.00417442591212458,0.004291151314470554,0.007214452944936278,-0.01960034588034698,-0.0008269667543657766
-0.0007828741873989742,0.0017360991188259955,-0.017549712711796173,0.009494528077098607,-0.0012958776376600367,0.011547312053218128,-0.021283430723624597,-0.0031255668779172074,0.005136269490968681,-0.0008453089016701165
-0.00019589127739416679,-0.0008665451511397082,0.0010162622013203393,0.010878120371990319,-0.013534827246801773,0.0045661614018615015,0.0003294241168623202,-0.0027695016870709077,0.0065252092746341805,0.008953781504455138
-0.002155226241357111,-0.0007433560931618954,-0.010309934497560125,0.017038504551667888,-0.00845924156582989,0.005908992298026439,-0.03656126115885805,-0.002855959918565243,-0.003514787567800881,0.007039968522801754
-0.0066758412001434175,-0.0007441009352726624,0.0013106945088876554,0.0033064189471179173,0.004629772509036734,0.002711419759566347,0.015811953297723225,-0.006358604954057379,-0.004311023949149395,-0.006348896258443371
-0.012057707841336751,0.0004964046899156305,-0.0032554668398303566,0.006261671518377421,-0.00367633950741475,-0.006309330399457247,0.033655891106752156,-0.013380655281822418,-0.004487135914701845,0.01738794452354675
0.0024009412710011002,-0.0002480312221894154,0.008496378284342132,0.004694377677313177,0.01954154246234241,-0.006349032142020095,0.016849792277512377,-0.004824439282492987,-0.007116908419338874,0.022598995712095116
-0.003592825348956552,0.00012409436546323427,-0.01078006194265746,-0.022275281645747436,-0.0031604563674235697,-0.005933354617561615,0.022414372348951384,-0.009480212210401517,-0.010273982310133545,-0.018726647475105995
-0.0074118068030741835,-0.0007442818836166376,0.01926526298058051,0.011224649530367836,-0.005011504855177762,0.00367301905972095,0.040479159087773775,0.015280918464891213,0.0040234610057749975,0.013868343369258351
0.013723535210922178,0.0,0.02097890743013142,-0.010440678093034839,0.0059618181072786935,0.0032022884704230314,-0.0018059923667366196,0.014890150589035978,-0.003446262000991407,-0.004014249927274727
-0.010949668819157599,-0.00024824673939671804,-0.017016845542252912,-0.014882352197522541,0.017319779647248623,-0.019951993684746094,0.016283453935318493,-0.00662337195089735,-0.009892167638120064,-0.011312286296302987
0.0032206128145246815,0.0001242022192717851,-0.0051475107875949,-0.011724830310569812,0.013911124013293641,0.0070688112094223765,-7.414965347207758e-05,0.006747229365664964,0.016814127034205262,0.010482586879723144
0.0004012941498034994,0.000993110178082679,0.0008211374959454787,0.01711160647836718,0.02085304088131479,-0.005147427094863044,0.02425824469434046,0.01364150395634467,0.019332153214381753,0.0007965290154814397
0.0008022663548117315,0.0037206602332069405,0.005450823710246633,-0.011103723103977448,-0.02353227710698902,0.011759185974551833,-0.046860314701913874,0.011427491622423958,0.012931045459908974,-0.007028749560424874
0.005210392382040352,0.0016062745176015358,-0.00808167937645321,0.023137091168988322,0.004372702702496234,0.009297920979242535,0.03130688538331294,0.0021619136179773513,0.008510765153548538,-0.01617010848169942
-0.008373178457406039,-0.000493431020586188,-0.0023553219533735126,-0.005653425068619433,0.004007239659636008,0.0009212715633608592,0.00891543626726965,-0.0007961833041717492,0.0029919209941966507,0.0002427360186438854
-0.0026136559904041956,0.0003703991936965245,0.004823283965817771,0.0006689462115967437,0.016261026459261085,0.005522361954650501,0.007814184854199047,-0.0018504544568084258,0.011473107466923427,-0.0007973373763976443
-0.011086433096601067,0.0014804754779425,-0.003136245735001264,0.004567688437529194,-0.013091647644312032,-0.008695733744412348,0.04137688273160345,-0.01702030251550668,-0.016485246652077845,-0.002272379453642559
0.02038322996493136,-0.0030800026763569965,0.007577918087077196,-0.004436052562448167,-0.02137159441844283,-0.007386825362106664,-0.0008350090860202997,-0.05335947617783565,0.00023081655640022625,0.011909700995710093
-0.005193818189870303,0.0004943803080035281,0.00635707691573506,0.010694016897021097,-0.013454619920528765,0.04604645702513177,-0.028066062827771576,0.0037079961330181987,0.012914061014052347,-0.031477083295472386
0.0028112358809189164,0.0008646185806990836,-0.0063947281102725295,-0.0026452375738099665,0.007277066466944815,-0.012894531567689826,0.00609060975317699,-0.0031153096328916385,0.002048981557052132,0.0072557571700453405
-0.00460548345526679,-0.0018511944782484413,-0.0024624853444715766,-0.009503836756600603,-0.0017682510992655942,-0.016666720890547215,0.008047776027859666,-0.007052200431585387,-0.013935242165088568,0.0096339429044483
0.010862958521975052,-0.003461895286276384,-0.0002916687833218745,0.008814022746383543,0.02753177607997004,0.012826365308454601,-0.007206447201905664,0.011781409901635786,0.0028418146444195713,0.008565182372078484
-0.005970141257679917,-0.0003721373285607843,-0.004455864919948205,-0.0249943649292379,0.0026104458408944264,0.0031660274134182043,0.005195035382042024,-0.004542050612604598,0.05184962468746668,0.02615210132686152
0.011010969755697264,0.0034751188747801365,-0.008906584056474154,0.002268508010880188,-0.00918646307807447,-0.007213644140911968,-0.01352216435014486,0.0007465926731506922,0.00808211187706065,-0.0024947873690736033
0.07841592727489388,-0.002473563254466682,-0.005585279754603101,0.011883258756605342,-0.0186424897457238,0.02361486873728591,-0.0472225663139626,-0.008621497961936009,-0.02578534916484443,-0.04092586654192354
-0.010833692200462708,-0.0004960353147215324,0.004913947058349022,-0.023487410536285558,-0.0013640906911042139,-0.018633509711540097,0.019885483196078635,-0.0022297533542376957,-0.011936538238705552,-0.0007401321724608279
0.00018571021959590261,-0.00012409436546323427,0.00998514641475845,-0.06230667271531576,0.011282047374272963,-0.009041689622341087,0.004800641828860641,0.04589757631781777,0.0078035285459800985,-0.011425191497838716
0.005753449659758658,0.00322579809155088,0.0046271083838616,0.023329659098196176,0.01735946146086831,0.005930717549409881,0.028371890640881414,0.01017638443003488,0.006030812735113189,0.02095660063949878
0.0018454051639638092,0.000989398576551892,0.010200356837225533,0.00035806118280334864,0.023013382861699183,0.012244858934249647,0.04074035411626542,0.006662975117769587,-0.010731180180161615,-0.0006637968711082909
-0.013814679766250504,-0.003459328847000287,0.016324711943562553,0.005011431866978278,0.06566042965797214,-0.012544782805361754,0.022457434687455757,0.008588711329546417,0.024313650220635363,0.03435023169234008
0.009525530643382574,0.004215154240576391,0.03268297156750899,0.01887686630762553,0.003969357120405581,0.013611631158487292,-0.008396143645524212,0.006953234837569822,0.009348503621219972,-0.003988534809397426
-0.002220148882037032,0.0012345867677818756,-0.011570166393179093,0.024702812739024083,-0.03913199624002495,-0.0013429366982159463,-0.01605361355940338,0.006672294084437258,-0.0041244078616688995,-0.010469439504931288
0.009456646222608667,-0.000863126031091288,-0.0005360198027606344,-0.013759306919568615,-0.02001221533044817,-0.00717169805493123,0.02085902964291253,-0.014335191604755382,-0.012133938915313225,0.0028293845868363476
0.014878775298066804,0.0018511944782484413,0.0014478262199071334,0.0032282934141760755,0.00563012284751041,0.0067720173847016785,-0.013621914856677186,0.00943507825134593,-0.002513139035965728,-0.008241842680193678
0.002534000200633324,-0.004065121616762646,-0.010538308846164357,-0.00011489339699366496,0.003321155156756017,-0.0022421552141448364,0.0033499199950586256,0.003020985386267716,-0.003927480864641453,-0.004896580141654283
0.009749081634665924,-0.003463084245354131,-0.018205595633348337,0.022873533672528756,-0.014611952325242261,0.019325919073651665,-0.03257011505727392,-0.022579228125127693,0.011903129550188352,-0.03998879681073508
0.007330562627034354,0.00037227586630717013,0.013714480973465282,0.004944396639077198,-0.002639455575593641,0.013668463313283974,-0.012889184315593716,-0.00960445155471934,0.007278206744405935,0.000577534121298573
-0.008519704130269923,-0.0006202608762341244,0.011571395464102574,0.007380104793279996,-0.011066745755700214,-0.011309379464094715,0.04894760018955968,-0.00492870059213657,0.008539519045170696,0.012067069097129624
0.002148210584028254,0.0028553358301954823,-0.0022254891320435677,0.004439991693495404,-0.016445338307659707,0.004399477504077431,-0.00761847656006287,-0.004926441889634425,-0.005644808744996177,0.007895328976580851
0.0008931984950135696,0.002970943538185944,0.02970647729241449,0.020554750027212076,0.024585738629352427,0.006570310323651851,0.005346508905426095,0.031372807429538296,0.0034934569265265836,-0.004296965669356778
0.012493266361540245,0.0018514230385624497,0.008747970596431731,0.0005414169729902607,0.024285482234979172,0.00870323083744906,-0.03218117376206464,0.012991684049203922,0.00021765772591120225,-0.0070148469544693
0.0003525559855346305,-0.0007391434552111997,-0.003236467162694212,0.006709954351828751,0.03700213954672438,-0.003451221578497421,-0.041775172561195006,0.029384563917640882,-0.01566247505268592,0.010677026667964329
0.01480178400776122,0.0002465633974586545,0.011041819228477356,0.016018131572609562,0.014727249533433406,-0.0004329178460008576,0.006616683718972727,-0.008931434060671095,0.02364652109051435,0.014917436576308507
0.0010418736126742711,0.0002465026189353292,-0.010241895498519837,-0.00328011577496079,-0.002553398792175199,0.007795642586556184,-0.011539671319272693,-0.005503207186573933,0.002446655052442459,-0.0075670301938213225
0.0015611838627398456,0.0017251884279287921,0.010743075443953476,0.001061568071017982,0.0392060500835667,-0.004727222516853424,0.021501508477185016,0.008731907692039576,-0.008040217335794964,0.008995192574672295
-0.009698685477169344,-0.0002477305247690076,0.0032103221842481044,-0.021527045180148363,0.008686308430501333,-0.019861788090243193,0.0027485692239506143,-0.004579795756442628,-0.03003317729208088,0.0322294111873489
-0.004896800988859362,-0.0013630934939915518,0.007333330572290242,-0.012029844117658617,-0.006812097829555386,0.04581501593207582,0.011757972494752744,-0.0006572224070224841,-0.008803944306749023,0.035119680642609064
-0.007908600410740374,-0.0012408413241626892,0.00892936901625685,0.007020551479697934,0.004529342404349768,-0.008845856596954693,0.03479250160027614,-0.008221148116740573,0.005570043027385729,0.00021181608983322775
0.008148727175155024,0.0034787103651023887,-0.008739327442737865,-0.003050167666434511,0.0013741853788682423,0.012749696489129603,-0.00048231587326041936,-0.017420412411045305,-0.007335792429025156,-0.00790187600824177
0.007204399049300925,-0.00037141329368550746,0.010536873138703218,-0.016608277266479177,-0.010506353567145132,0.002098116110776038,-0.018061541096373146,-0.0007268178522057411,-0.009350832902354278,0.024370652965464146
-0.02547105500712432,-0.00198163861065892,-0.004785367010042063,-0.023333437153746694,-0.011311510865595453,-0.021356745409287226,-0.025484436670788146,-0.022106158192409797,-0.014615238823284082,-0.016352212107305863
-0.006623726079089343,0.0014891561404046794,0.005608131747680378,-0.010538400509257029,-0.0029807753330534092,0.005990576821573779,-0.026943184610302207,-0.012883545876991698,-0.0013902781162873357,0.00937144394511602
-0.014417016381426229,-0.0007434709259078742,0.0012985359690582676,-0.00949294735346351,-0.0001758241877050093,-0.0012760210991848986,0.03139100594341926,0.0009149188186889923,-0.005260466527373664,0.021572005387300308
0.005485528524400873,0.0008680598557373465,-0.006333624700613494,0.004558214696397611,-0.005936495355046145,-0.005110688774492167,-0.014141119818424364,-0.013684949085966958,-0.0011664331644933856,-0.002987263182592459
-0.0012730625141151863,-0.0018585421551930992,0.0009712866592468394,0.010005816086400277,0.006148853100200746,0.011558182368338166,-0.022498840540869036,-0.006405892930206658,0.005294221241406882,-0.016550656636318162
-0.004005782975227912,0.0012413987506671997,0.003557887421399508,-0.008754643540185736,0.018509651477538247,-0.03343210111521022,-0.01675984003908426,0.0014540220093741674,-0.0032527499785345304,0.007082276657117248
-0.010420446766757685,-0.0008679398101408831,-0.010867456688047561,-0.006972800910616472,-0.016101325858851934,-0.0004378459959823999,-0.012196940654958244,-0.006136466861189627,0.004118089876294695,-0.007689321391673887
-0.016257126507800534,-0.0024816826483254895,-0.017656481303007676,-0.028905705629596046,-0.029570392763260456,-0.015330638584366008,-0.011350521794666113,-0.03894811893796013,-0.028166801387497498,-0.03591954306380629
-0.0048826023852889255,-0.0006220119607099894,-0.010303260799873981,0.002530742694109245,0.005741693819132365,0.004003459174902302,0.013730384805200169,-0.018011771541269095,-0.0144119808694404,-0.002712756903265112
0.016040714414857327,0.0019916006242159945,-0.0007645212908702348,0.022478548628532158,0.035152330311221336,0.007975250267143297,0.030762229641864147,0.009025014467095138,0.006947808802680866,-0.017327878496011695
-0.004829096996950777,0.002484457112624572,-0.0043602910956345164,0.0019987025521748247,0.0005645729568553026,0.003956031547345917,0.03689681311202908,-0.0018236202384049882,0.007862675399925578,0.024946522587754538
-0.002053056124699526,0.0014870370465565053,0.009379863439967773,0.0065703982781162296,0.005034464610363276,0.004816135022372103,0.003937909905315173,0.004871812489350313,0.0077216004769669055,0.013170005802913165
0.002859801110365545,0.0035881705292089006,-0.002795064942523351,-0.004545994046129209,0.004534232202041855,0.00043574737777563044,-0.0020682120359187817,-0.002914665345981504,-0.0015798764476651073,-0.007239867216496942
-0.004182414089412445,0.0007397127830703898,-0.01719416112892025,-0.005503501544660061,-0.009685267299079703,-0.004355405806952706,-0.02086762914318374,-0.00642531261610324,-0.010997689634201113,-0.005867160012875017
-0.005727393931225122,-0.004311864835402579,-0.018612359977423054,-0.005416238955266106,0.011631454618346027,-0.01093606047867135,0.003503462418835923,-0.013224982017638776,-0.000640001281110969,-0.014287952032030815
0.004032240324983283,0.0018559174966965575,-0.00644097961325063,0.00023681064407843344,-0.00533977198586022,0.007076453567831376,-0.023274429515869333,0.003483431486753341,0.008885696933853549,-0.009691406465931696
0.004207283440313292,0.00111148766860647,-0.007050439811146947,0.007219785801279022,0.0025110661422460545,0.002634980601995851,0.02993515923827439,-0.01991597299392145,-0.010394333087207608,0.023449603728699087
0.011997736368252632,0.001850517497606674,0.007441175982056736,0.01351350252232697,0.012653314384369452,-0.00700834811272677,0.04453767605051051,0.010145389277815609,0.008819758243707732,0.00899469998687974
-0.019759113343943757,0.00012316518636690255,0.0066878697520811325,-0.0063768685060218155,0.03612094104268171,-0.0030877334259393763,0.03433231771241818,0.0038033105806243306,-0.014067690003918165,0.04229037938249158
-0.012094473306782039,0.0016005719003626684,-0.0014521914325280605,-0.0033837988124443275,-0.0018109861238625458,-0.017699050072407463,-0.06216953735254882,-0.010123664825279932,0.0015316046603035538,-0.019533504155042736
0.0005830392039152255,0.0023356390682638395,0.006511993404271665,-0.0015221031820996656,0.0021853986172255535,-0.0009009371029657931,-0.00021397373730991376,0.00938988308430555,0.01802965584282923,-0.011604021192917813
-0.012041274067935426,-0.00036790593968827334,0.010319504303839766,-0.012312353151139543,-0.02349314392631896,-0.009679505757476226,-0.029976457851494387,-0.021863977351079922,-0.013440901613992917,0.008416305380077649
-0.0003931500587358583,0.0,-0.013063793099732934,-0.0014247296880377514,-0.0035391921262266646,-0.005993579133293903,-0.019719006321341603,0.01805180839766285,0.007533258099884366,-0.012226719997190827
0.010029574985027656,-0.0009815064172555843,-0.008078340750691915,0.01129468450528126,0.004355131179110128,0.011131671508447738,-0.011033544476767743,0.01642266574089124,0.009147352656162289,-0.02314536423907565
-0.006230538074809,-0.0029473178143715195,0.006835881219142914,0.014225272204101636,-0.003410053354900855,0.005045961603757476,0.03400129878417624,0.015484075409078368,-0.0022070788549769516,0.03848548317158973
0.0023510433344460235,0.004557193473551768,-0.004060616957785923,0.025617362999218463,0.004224408367066612,0.005020539731335205,-0.019597764467051526,0.02086889053062846,0.016905048981521675,-0.009430991593963434
0.013682631419262847,0.002697346800506928,0.025485123827194034,-0.003842719849469045,0.01152618502544911,0.012261575253206702,0.030994972031360257,-0.0005363992963978159,0.004738587060046928,0.0024048041719515467
-0.007520224264084829,-0.0011004788374584518,0.004813414665709725,0.025527495706618053,0.030233654496649498,0.00897260413758838,0.022656248528251988,0.02130054074826382,0.033477669965789714,0.006021813033985746
-0.012823011372788962,-0.0006120193337171287,-0.0031970356649944076,-0.024117637849835893,0.010858602750067892,-0.007558924867579586,0.04430884644733224,-0.0104558697487388,-0.018852521145571233,0.011420059828940454
0.007872361972275144,0.0015922435597224283,-0.0026887270603968005,-0.00045354028208421937,0.024359027047972326,0.009408675395474075,0.0010198709332529532,0.009420204919830644,0.008311265645261967,0.020769827080098446
0.016403051033466953,0.0012230290986601222,-0.0026322064557958713,-0.0013608893213713502,-0.0020270815661369568,0.008433155215640697,-0.03124586996828027,-0.0026583784629837792,0.03410457089394736,0.017346161495395362
0.02689727162529576,0.0010992690119115966,0.027211392828852876,-0.06768894292582028,-0.032382766353849846,0.0625,-0.1696816480923582,0.011161945486791724,0.012431426949996771,0.01913549577952578
-0.01590278479099727,-0.0019521413707656032,-0.006816911528597647,-0.004263540763380758,0.039320122407939806,0.010770486266098889,0.0892587285741,0.0,-0.009389704256624443,0.021897887253533366
0.001140732217043361,-0.00036683048505958826,0.005580665843049948,-0.0004894395559554843,-0.0024859578183106246,-0.006967222147918561,-0.041011038823989265,-0.010324823300921881,-0.016186676190244165,0.003203181040154268
-0.021268471253501064,0.002079093098275253,0.01554947779785687,0.026071135650087784,0.006580739561820037,-0.008666929725188677,0.007679873970792839,0.01426154312595962,0.01667541192686106,0.015536096140786881
0.013387654806932048,-0.0025628635668918376,0.0008886640217558028,-0.0034594644779446515,-0.034042515123246186,-0.012073297330195243,-0.03674284683822637,-0.020216084087184227,-0.005102724603506137,0.0031731838091064724
0.011870523682866896,0.00036705067404785297,0.02648277622403139,-0.0008379261080265765,-0.01481779833503627,0.021913233288567424,-0.028400073002868287,-0.0014518614849688971,0.02857559976830837,0.012014372572128673
-0.004351913479615943,-0.00012233665261551785,0.015937131042688124,-0.0008385366802442507,0.003455316338687009,0.0,0.017058097692697283,-0.0001397836173600009,-0.010827829017813984,0.009649271246422453
-0.0007601498454608002,0.0013455859115585334,0.0205702759234494,0.008393234067941568,0.008709735017730758,0.009072167177405888,0.05208593578127907,0.019267806881007044,0.02398107089642565,0.0009656296233064854
0.001141092169227198,0.003298303831347882,0.007776607966054172,-0.0020214261108630893,0.09694789340728449,-0.0008172774098694768,0.030841835616687963,0.0020302427284606406,0.0014064901702710575,0.010101119529914326
0.0003799305206670933,0.002069979719249826,-0.005734299978682023,-0.0034552512525147794,-0.015340133926058264,0.00368095363898413,0.009014638306834799,-0.0127319165535561,0.00140462287351939,0.003553448664185499
0.02240790368326273,-0.00024306789771288972,0.017349891946675244,0.00298900210527564,-0.0014873592119410972,0.013039923405276266,0.028727808282886125,-0.003910613955254938,0.0036468537611749063,0.004030679813855409
0.00018573126582821509,-0.0009723212428383032,-0.0033713443100190643,-0.0014305040785043133,0.013479853045353485,0.011665272146908157,-0.00576475815446853,0.006153295766555988,0.0020263432149618676,0.0033453587766576476
-0.00947075192843394,-0.00024327016408731694,0.006406318591178239,0.0003582301447819791,0.0030862763002812432,0.008349965690374495,-0.012500027291381555,-0.01624372069747171,0.021617828574619136,0.007752199831617901
0.005249369437897888,0.00036504077846699623,0.01102223991001261,0.0009545406113851129,0.020218971542585118,0.010646607132215768,0.031645523221289995,0.015836918367445385,0.0337201920489707,0.0043839252313151444
-0.006154423990615054,0.0006082415846986322,-0.004652470477828019,-0.0021459203857576714,0.014720189710614173,0.009364131905435169,0.026313877875597136,-0.011824073137294722,-0.009706802051679952,0.011131535939149284
-0.01013322000112371,0.0007293715105620713,-0.01475943729673812,0.014814941409973859,0.014541979082473455,0.007730862417919981,0.0039610556821711995,-0.010844669732308576,0.0055344190389847725,-0.02755647231710623
0.011184798897716286,0.0010933531946097919,0.006164652389464065,0.010124791605795824,-0.0010462033255678183,0.006520913905422088,-0.0012195017820708642,-0.0032294153534729864,-0.007228060903264555,-0.017588599840720698
0.0185602653122261,0.0004853004579405962,-0.02607913813893059,-0.013170201813363258,0.00020948118919883463,-0.0034298523209462806,0.006320545372960007,-0.00520108875799441,0.004074584143721305,-0.012688797940404228
0.013252257135946133,0.0025470108261935742,0.0001933549216799335,-0.008385511920878996,-0.030785361069291306,0.017973276261834537,-0.04053965596768683,-0.015570565643769796,-0.011575417579785752,-0.016248437244486214
0.003633048359731772,0.0007258420301941015,0.0005506656701228518,0.004764157662099366,-0.007310649318159168,0.004507830538938995,-0.030871042231559453,-0.0020315570063542676,0.013864599620097673,-0.022558638016510035
0.013574701979307324,-0.00036265778283572914,0.019370450331869904,-0.01339492300045697,-0.027135800008067257,-0.0033657189165513524,-0.028016590832288357,0.026637998086423975,0.011802385479377842,-0.015910066753760166
-0.02053572976485296,-0.000846539454108397,-0.02244094223798543,-0.003604526795552676,0.028414780387008953,-0.0030019097999266497,0.03672117117005835,0.018582031445352643,-0.00718336010319065,0.024638794080222848
0.004193300037283576,-0.0014524798902062486,-0.00994214308878305,-0.02689012257567691,-0.01834723201110977,0.012420026104124071,-0.08478060858269565,-0.011346312407978676,0.005775039058898868,-0.022947944748365257
0.013979627628728508,0.004848549071527319,0.026328342978176433,0.005576249274057421,0.0015144630885544075,0.01895913266047189,0.039700313453107094,0.019014889974964033,0.01313345919050768,0.015131297228459406
0.026141478089105386,0.0034009325041852723,-0.0016783938986144609,0.007516940053736931,-0.03238191980670935,0.011309718290108961,-0.08693564039304147,-0.013140355088341438,0.02182277391908194,-0.019679818849013264
-0.01762352209831597,-0.00302626798393546,-0.009533388225722583,-0.004280842856664524,-0.03674333770123728,-0.05411258812897457,0.01692093966450714,-0.004064720013580492,-0.01887033636131219,-0.022975344404012388
-0.0062166233111579094,0.00012144410097558733,0.010493121172191033,0.003070877403530403,-0.008982295203008861,-0.0015254599261677049,0.011294108143442116,0.019815398442026178,0.006172832127891992,0.025734412236829707
0.018945400141801683,0.0007283908776638537,-0.020166941223394907,-0.04237083894914717,-0.048352964478045046,0.02100833437333538,-0.057374289451369465,-0.006182473500941588,-0.03797217983005996,-0.04347497553518298
0.013681906704240632,0.0002425893848401195,-0.06069433636444166,0.011380989958482246,-0.02395734445194231,0.014590430801568743,0.01917343774173985,0.009831218267213115,-0.010203466313722487,-0.0036150896111046826
0.020764832776996256,0.0,-0.031006679448879693,0.0016569576468401515,-0.06117014605676607,0.00589969977312399,-0.05067002519983199,-0.016060734164136448,-0.008477429112694668,-0.044225270782656145
-0.014239704579371293,-0.002668206178912169,-0.004195114383432452,-0.0005088852016338352,0.021978009648669916,-0.04655426849152067,0.016638645189327006,-0.013304284768711816,0.0074554564160291825,0.012910012392786552
-0.005846947181936013,0.0007296309880144847,-0.0036647527265618596,0.01298531640278,0.009229425640306488,-0.011149580628082578,0.0642758424254668,-0.009036362735343806,0.0006111395587971025,0.022865656251475075
0.012800529019207918,0.00012154740696557198,-0.0393277596104924,0.002136460595667966,-0.03808934777246542,0.014385675255273123,-0.0013823745953681632,-0.02209635908668639,-0.010109992020096992,-0.04667827796275392
0.006148582904920374,-0.000850543040444296,0.014933372016926239,0.022447967939319913,0.016752814771008984,0.018781140529296803,0.052690744431658,-0.0009354131337976357,0.01336625283323345,0.02962979358415896
-0.00016974658384172336,0.0018240774700359896,0.014038825050096237,0.00858585291447933,-0.0013162712326506565,0.009405610195270642,-0.01758855446580143,0.001375126857175113,0.02313306945685989,-0.004443632785322782
-0.009507620344222811,-0.00036415125390931724,-0.02024850188649352,-0.0007297237691675784,-0.0009089961171895311,-0.008199778244177502,-0.03430099988281132,-0.01963470980674753,-0.0085283064454178,-0.037262420487308545
-0.006684930346975704,0.0,0.006681136928396114,0.01168308513891958,0.021608560906978047,0.008643382318053394,0.018106179783115905,-0.0018180381285756164,-0.008068295685613958,0.002919177570218867
0.0024158203868034356,-0.00024282505691475276,-0.009567974865408058,0.00204505959288781,0.002493675791049421,-0.0018628850796184038,0.008594300247455555,0.0033142258301590566,-0.005848308161003679,0.003321580744299446
-0.008435194478169206,0.0021863269910420424,0.015479063240449786,-0.0038415328103336144,-0.004886102505703982,0.008585235947026648,-0.007002462158125389,-0.004820985595203053,-0.009263615633649636,0.017491467576791875
0.000868103135992282,-0.00012122331804031994,0.018454514945660083,0.0042178652682816065,0.05360886351694938,-0.0022205844259749474,0.03152087349244903,0.024819743411306883,0.022659012805016365,0.0379035229952831
0.0014126437373929157,-0.0013333407315341272,0.00455707099345215,-0.022920960280089275,-0.018259604240393634,0.012982225389118529,-0.005930328630142756,-0.004522739799182052,-0.01114528462313702,0.012054653416755823
0.018338933738619945,0.000728214091979762,-0.0005482359973005835,0.0013510269322694057,-0.012773435114584508,0.012449597428784154,-0.05741983731038702,0.009555705547178883,0.011338460612107637,-0.024476724225385826
0.00952379631273681,0.0,0.009680013451474512,-0.010057643899198054,-0.015780034151089972,0.019891576543261458,-0.020481731604263365,0.00357117232060844,0.0004669942958155371,-0.013748344704292426
-0.0025728595736633775,0.00024262308309719316,-0.009683104666225462,0.011398812778853129,-0.038580755473108796,-0.0007092448729443257,-0.015794688426907455,-0.017069321039040464,0.023345871023518372,-0.042882316244509666
0.032158192309806655,0.00024247172026692354,0.01733977774650075,0.008207838060557915,0.023460742717055227,0.0035486044855321808,-0.011762568952906727,0.027785151947658626,-0.0013687825259458553,-0.0006588842272894357
-0.0204931611605349,0.00012125271535334825,0.009114149936509275,0.011664629998481502,0.03705713723031745,0.0070721128397197575,0.016331466297440977,0.0039520027985726625,0.00613529588627304,0.016725683415647508
-0.02840622482796229,-0.0006060975970644256,0.011190248699728178,0.006365586904858445,0.03245678837148547,-0.011938217932003892,0.002451172395154133,0.008814233007659045,-0.006941278770506654,-0.003532435706857906
0.013480400423009353,0.001212930348298391,0.0020723441571863788,-0.026733474630556198,-0.1627247967872808,0.016346867037718038,-0.07806552490608376,-0.036786751857282085,-0.004246151405810417,-0.08958265239791874
-0.03143893097275896,-0.003755362526078998,-0.05232247859125061,-0.04684242246318193,-0.0013644159547916423,-0.06853146249860809,-0.07357569026158006,-0.025216506126491733,-0.05996199357535348,-0.05058121285474204
-0.00731228552958163,-0.007295701479892891,-0.009110921002030592,-0.007719105591188713,-0.022517948882669336,0.0071321668983057585,0.0353091073826588,-0.027856363911004323,-0.03126524162743538,0.022824061900261983
-0.0017965949406257842,0.0006124822652087136,0.0006827309318027108,0.007390116882170172,-0.05606461631574278,-0.016399628333045868,-0.013723846233787529,-0.02880948322736021,-0.01671345798797541,-0.011234843182505894
0.014398834004441197,0.0069775942929253265,0.06210731085586385,0.053153218082667264,0.14275528848350505,0.0030314854344366537,0.18722739572091607,0.07253349863028102,0.03663274240668768,0.14755608879027693
0.00035486972226883573,-0.0014588225561105173,-0.0009117275042208606,-0.007332255416049538,-0.06574841517147079,0.007559558586269777,-0.05912710599112647,-0.018855013726380876,0.0022616651814613142,-0.0673985355814204
0.004788940274007336,0.0018261690649319373,-0.0009333470311269076,0.011202708298757802,0.01669491976457249,0.01515731470747217,0.031235480337304722,0.020793533764172256,0.006064448480131546,-0.004978987007865032
0.008473072008957638,0.0019442949439152368,0.016514304455032658,0.018626720120108686,0.019351262462044883,0.015304211773075282,-0.0019832436680599086,0.01261983296946001,0.020466748276359636,-0.022241894682495822
0.006826525159407071,-0.0018192104552596788,-0.0024507153229335055,-0.0016732328518253015,0.007484483305258527,0.011029383406095494,0.013458566309197284,-0.012139960120605031,0.006868628968632828,-0.018740049114767454
-0.0043463142908625185,-0.00012153263498881905,-0.009386657391321829,-0.005985873426397448,-0.005952924765219358,-0.017454528808593772,-0.06871657124936736,-0.01662315382899504,-0.006548834905758527,-0.0368346779667682
0.015540411778149243,0.0009721938287108323,0.027641455147665583,0.003974489171460371,0.022024235986288332,0.004811219784019327,-0.02871088201103511,0.006339103980120386,0.011261376718909144,-0.0016523393448262258
-0.009112771332313807,0.00048562479292857397,-0.03693311602030558,-0.03730806846905621,-0.011912865442456066,-0.030202567452875972,-0.04512754259595009,-0.033235446298824245,-0.024580783797107486,-0.03354073334076979
0.020648943339467873,0.0023054823876809127,0.022406142032589393,0.02180685358255441,0.027200564763667945,0.023927047572810167,0.020431283177354986,0.02997207356242515,0.025060963122899738,0.03222876861957302
-0.004420236703198799,0.0030266344384779487,-0.0034618110774085054,-0.001951264172065592,0.014027398696388582,0.00853121132772694,0.0386287766043214,-0.0021387723664050284,0.00271652027224345,0.039957665308886225
0.0025614362647548017,-0.0009656226014256308,-0.00036900278875173775,-0.0014662160625237286,0.03585373905309508,0.01250460264471176,0.036218491421109444,0.009630239146660946,0.0006772382839490554,0.02475638495260024
-0.007664806165164295,-0.001812177148335592,0.0017222727710428654,-0.008443495241057919,-0.0008629897246626994,-0.026153331011444125,0.04303299650401282,-0.008432024280250028,-0.005346800178620881,0.02648409353953518
-0.0012015052667508908,-0.002178652858774277,0.0014122246998349297,-0.0016043101984000163,0.009047054799210308,0.01678481058946324,-0.02053867881651683,0.0017489989185424104,0.014221497704019592,0.004513257834296569
0.009967380043698348,0.0016981973010972151,0.013448677662862618,0.00877625551398209,0.00901103864608932,0.0014673150345880792,0.0026670953479219772,0.04795300715226247,0.01630325003609956,0.008549518482414697
0.006465902078532926,0.002300736350193011,0.0028234032303580126,-0.02058571612071136,0.004465282489961808,0.01465207095448906,-0.000917248919466318,0.013759257448501927,0.007327652072890878,-0.009811706257578656
0.002704984670915067,0.00036252760551391816,0.004565073030967204,-0.01588886073085838,-0.0019560010996911847,-0.002166114499581151,0.024697048169554536,0.002040174857769639,-0.014810801546591423,0.042276907054018764
0.005058155962134991,0.0009661135110121677,0.010583917315084346,0.010424607890263893,0.036167701103076544,-0.0010853393617699103,0.02589373151011709,0.016966380572647655,0.002594275360900067,0.04335820171947158
0.004361656079031384,-0.003257681612136798,0.006535779961570398,-0.014217474019695309,0.022267087508297534,-0.0036218898681309453,-0.005938867294111638,0.0005004708337759123,0.0013932011822987977,0.0037687178426053514
0.01018875265131669,-0.0008473513413271849,-0.004325606307160612,0.01723035737603751,-0.0026071028281086095,0.023627757656208948,-0.00246001388198569,-0.020287957002627865,-0.0028489504740684124,-0.019957651113618913
0.007109793459497027,0.0002422660872862803,-0.0033151663393742314,0.001129284450833934,0.013406942295414837,-0.002130662864612831,0.0310022601257971,-0.0026665502933855834,0.0055813587750508376,0.01617544404061033
-0.008372981822538428,-0.000242207408645001,0.0005560219878062433,-0.0038851680039700964,0.04617883400173994,-0.02241996653248024,0.002648258965092687,0.0056602675524011214,-0.020417570990542644,0.0020107106314239953
-0.0160596224536107,-0.0007268906945512299,0.0003770974531627225,-0.006794173285351701,-0.010856148702775292,0.013469270057590466,-0.006134456878711392,-0.004836485745376873,0.006273146101631655,-0.009230647382329704
-0.04172975819453839,-0.002182350846869241,0.007995315243555234,0.0008867455366012855,0.06339954942589365,-0.029813215486958256,0.05443633425681815,0.015034402046912199,-0.023796669232884482,0.07922497124860772
-0.008428437854362425,-0.002308656553594024,-0.016847901103047458,-0.017972481457365963,0.01996143277895346,-0.020733041880672598,0.05634140386814024,-0.00310785379625389,-0.0024033701919570216,0.025960678747064536
-0.0024791816295748337,-0.0037753934513388154,-0.007497323453633076,-0.003866418823592288,-0.0008896576757888575,-0.0003780804761203127,0.041637835504302334,-0.013116580564579983,-0.00836737921831232,0.005075920165204195
0.030711867317614328,0.0040341587939960455,0.019091507246578487,0.014879046607022106,-0.0016693812273467223,0.033661095751568615,-0.0037682467905694184,0.02868775083176467,0.02433755677621141,-0.023477282232248653
0.014295521817525136,0.002069959868807425,0.015200833074608289,0.010836288216028889,0.02017834467715507,0.014270010638022468,0.004227486892300902,0.007902196180826548,0.01245831464809477,-0.005497884699786626
0.009848901970894497,0.00121504824317209,0.008295731388420657,0.006053672871695781,0.011437783347538089,0.010822552375196137,0.001255638370739831,-0.004153970248573335,0.012977357853279692,0.00014049694933837564
0.007230541388085321,0.001334958838769218,0.002397645407410387,-0.005014340144379847,0.009111530438828952,-0.008565302184057044,-0.008777770724466616,-0.008011032863216472,0.003783653151757882,-0.0051996582420048565
